Time(days),Red Line,Blue Line
0.041822008,1.002392324,1.000302096
5.906332673,0.162983943,0.206930055
14.89902474,0.099827299,0.045420272
21.97174613,0.218813792,0.601772764
29.86396934,0.379619498,0.852563366
45.0767901,1.000507452,1.180474798
